{"cameraMode":{"drawMode":0,"name":"Shaded","section":"Shading Mode"},"sceneLighting":false,"audioPlay":false,"sceneViewState":{"m_AlwaysRefresh":false,"showFog":true,"showSkybox":true,"showFlares":true,"showImageEffects":true,"showParticleSystems":true,"showVisualEffectGraphs":true,"m_FxEnabled":true},"in2DMode":false,"pivot":{"x":2.407473564147949,"y":0.5824861526489258,"z":-4.411962509155273},"rotation":{"x":-0.004191277548670769,"y":0.9599873423576355,"z":-0.2796909511089325,"w":-0.01440095528960228},"size":13.385628700256348,"orthographic":false}